Workbook

Sheet GDP
A1: Year | B1: Quarter | C1: Value(Billions) | D1: Variation | E1: Potential Value(Billions) | F1: Potential_Variation
A2: 1949 | B2: 1 | C2: 2107.001 | E2: =+'FRED Graph (2)'!B12 -> 2104.0506
A3: 1949 | B3: 2 | C3: 2099.814 | D3: =+C3/C2-1 -> -0.0034110093 | E3: =+'FRED Graph (2)'!B13 -> 2131.6487 | F3: =+E3/E2-1 -> 0.013116646
A4: 1949 | B4: 3 | C4: 2121.493 | D4: =+C4/C3-1 -> 0.010324248 | E4: =+'FRED Graph (2)'!B14 -> 2160.4795 | F4: =+E4/E3-1 -> 0.013525142
A5: 1949 | B5: 4 | C5: 2103.688 | D5: =+C5/C4-1 -> -0.0083926744 | E5: =+'FRED Graph (2)'!B15 -> 2188.029 | F5: =+E5/E4-1 -> 0.012751541
A6: 1950 | B6: 1 | C6: 2186.365 | D6: =+C6/C5-1 -> 0.03930098 | E6: =+'FRED Graph (2)'!B16 -> 2217.2601 | F6: =+E6/E5-1 -> 0.013359554
A7: 1950 | B7: 2 | C7: 2253.045 | D7: =+C7/C6-1 -> 0.03049811 | E7: =+'FRED Graph (2)'!B17 -> 2246.7292 | F7: =+E7/E6-1 -> 0.013290776
A8: 1950 | B8: 3 | C8: 2340.112 | D8: =+C8/C7-1 -> 0.038644146 | E8: =+'FRED Graph (2)'!B18 -> 2276.3689 | F8: =+E8/E7-1 -> 0.013192376
A9: 1950 | B9: 4 | C9: 2384.92 | D9: =+C9/C8-1 -> 0.019147801 | E9: =+'FRED Graph (2)'!B19 -> 2307.3661 | F9: =+E9/E8-1 -> 0.013616937
A10: 1951 | B10: 1 | C10: 2417.311 | D10: =+C10/C9-1 -> 0.013581588 | E10: =+'FRED Graph (2)'!B20 -> 2338.825 | F10: =+E10/E9-1 -> 0.013634127
A11: 1951 | B11: 2 | C11: 2459.196 | D11: =+C11/C10-1 -> 0.017327104 | E11: =+'FRED Graph (2)'!B21 -> 2370.3228 | F11: =+E11/E10-1 -> 0.013467361
A12: 1951 | B12: 3 | C12: 2509.88 | D12: =+C12/C11-1 -> 0.020609988 | E12: =+'FRED Graph (2)'!B22 -> 2403.1071 | F12: =+E12/E11-1 -> 0.013831178
A13: 1951 | B13: 4 | C13: 2515.408 | D13: =+C13/C12-1 -> 0.0022024957 | E13: =+'FRED Graph (2)'!B23 -> 2437.1607 | F13: =+E13/E12-1 -> 0.014170643
A14: 1952 | B14: 1 | C14: 2542.286 | D14: =+C14/C13-1 -> 0.010685344 | E14: =+'FRED Graph (2)'!B24 -> 2471.4203 | F14: =+E14/E13-1 -> 0.014057188
... A295: 2022 | B295: 2 | C295: 19699.465 | D295: =+C295/C294-1 -> -0.0014422708 | E295: =+'FRED Graph (2)'!B305 -> 20101.18 | F295: =+E295/E294-1 -> 0.004785196

Sheet FRED Graph
A1: FRED Graph Observations
A2: Federal Reserve Economic Data
A3: Link: https://fred.stlouisfed.org
A4: Help: https://fredhelp.stlouisfed.org
A5: Economic Research Division
A6: Federal Reserve Bank of St. Louis
A8: GDPC1 | B8: Real Gross Domestic Product, Billions of Chained 2012 Dollars, Quarterly, Seasonally Adjusted Annual Rate
A10: Frequency: Quarterly
A11: observation_date | B11: GDPC1
A12: 17168 | B12: 2034.45
A13: 17258 | B13: 2029.024
A14: 17349 | B14: 2024.834
A15: 17441 | B15: 2056.508
A16: 17533 | B16: 2087.442
A17: 17624 | B17: 2121.899
A18: 17715 | B18: 2134.056
A19: 17807 | B19: 2136.44
A20: 17899 | B20: 2107.001
A21: 17989 | B21: 2099.814
A22: 18080 | B22: 2121.493
A23: 18172 | B23: 2103.688
... A313: 44652 | B313: 19699.465

Sheet FRED Graph (2)
A1: FRED Graph Observations
A2: Federal Reserve Economic Data
A3: Link: https://fred.stlouisfed.org
A4: Help: https://fredhelp.stlouisfed.org
A5: Economic Research Division
A6: Federal Reserve Bank of St. Louis
A8: GDPPOT | B8: Real Potential Gross Domestic Product, Billions of Chained 2012 Dollars, Quarterly, Not Seasonally Adjusted
A10: Frequency: Quarterly
A11: observation_date | B11: GDPPOT
A12: 17899 | B12: 2104.0506
A13: 17989 | B13: 2131.6487
A14: 18080 | B14: 2160.4795
A15: 18172 | B15: 2188.029
A16: 18264 | B16: 2217.2601
A17: 18354 | B17: 2246.7292
A18: 18445 | B18: 2276.3689
A19: 18537 | B19: 2307.3661
A20: 18629 | B20: 2338.825
A21: 18719 | B21: 2370.3228
A22: 18810 | B22: 2403.1071
A23: 18902 | B23: 2437.1607
... A347: 48488 | B347: 24286.07
