Workbook

Sheet Resumen trimestral
A1: Festivos efectivos por trimestre — Colombia (2001–2026) | K1: Parámetros y controles
A2: Definición principal: número de fechas festivas observadas distintas que generan un día adicional de descanso; un festivo fijo en domingo no suma y dos celebraciones que coinciden en la misma fecha suman un solo día. | K2: Fecha de corte | L2: 46225
K3: Primer año | L3: 2001
A4: Año | B4: Trimestre | C4: Inicio | D4: Fin | E4: Festivos efectivos | F4: Fechas festivas únicas | G4: Domingos sin traslado | H4: Coincidencias | I4: Efectivos hasta corte | K4: Último año | L4: 2026
A5: 2001 | B5: T1 | C5: 36892 | D5: 36981 | E5: =COUNTIFS('Festivos por día'!$B$5:$B$468,">="&C5,'Festivos por día'!$B$5:$B$468,"<="&D5,'Festivos por día'!$H$5:$H$468,1) -> 3 | F5: =COUNTIFS('Festivos por día'!$B$5:$B$468,">="&C5,'Festivos por día'!$B$5:$B$468,"<="&D5) -> 3 | G5: =COUNTIFS('Festivos por día'!$B$5:$B$468,">="&C5,'Festivos por día'!$B$5:$B$468,"<="&D5,'Festivos por día'!$H$5:$H$468,0) -> 0 | H5: =SUMIFS('Festivos por día'!$I$5:$I$468,'Festivos por día'!$B$5:$B$468,">="&C5,'Festivos por día'!$B$5:$B$468,"<="&D5) -> 0 | I5: =COUNTIFS('Festivos por día'!$B$5:$B$468,">="&C5,'Festivos por día'!$B$5:$B$468,"<="&MIN(D5,$L$2),'Festivos por día'!$H$5:$H$468,1) -> 3 | K5: Total calendario completo | L5: =SUM(E5:E108) -> 440
A6: 2001 | B6: T2 | C6: 36982 | D6: 37072 | E6: =COUNTIFS('Festivos por día'!$B$5:$B$468,">="&C6,'Festivos por día'!$B$5:$B$468,"<="&D6,'Festivos por día'!$H$5:$H$468,1) -> 6 | F6: =COUNTIFS('Festivos por día'!$B$5:$B$468,">="&C6,'Festivos por día'!$B$5:$B$468,"<="&D6) -> 6 | G6: =COUNTIFS('Festivos por día'!$B$5:$B$468,">="&C6,'Festivos por día'!$B$5:$B$468,"<="&D6,'Festivos por día'!$H$5:$H$468,0) -> 0 | H6: =SUMIFS('Festivos por día'!$I$5:$I$468,'Festivos por día'!$B$5:$B$468,">="&C6,'Festivos por día'!$B$5:$B$468,"<="&D6) -> 0 | I6: =COUNTIFS('Festivos por día'!$B$5:$B$468,">="&C6,'Festivos por día'!$B$5:$B$468,"<="&MIN(D6,$L$2),'Festivos por día'!$H$5:$H$468,1) -> 6 | K6: Total hasta fecha de corte | L6: =SUM(I5:I108) -> 433
A7: 2001 | B7: T3 | C7: 37073 | D7: 37164 | E7: =COUNTIFS('Festivos por día'!$B$5:$B$468,">="&C7,'Festivos por día'!$B$5:$B$468,"<="&D7,'Festivos por día'!$H$5:$H$468,1) -> 4 | F7: =COUNTIFS('Festivos por día'!$B$5:$B$468,">="&C7,'Festivos por día'!$B$5:$B$468,"<="&D7) -> 4 | G7: =COUNTIFS('Festivos por día'!$B$5:$B$468,">="&C7,'Festivos por día'!$B$5:$B$468,"<="&D7,'Festivos por día'!$H$5:$H$468,0) -> 0 | H7: =SUMIFS('Festivos por día'!$I$5:$I$468,'Festivos por día'!$B$5:$B$468,">="&C7,'Festivos por día'!$B$5:$B$468,"<="&D7) -> 0 | I7: =COUNTIFS('Festivos por día'!$B$5:$B$468,">="&C7,'Festivos por día'!$B$5:$B$468,"<="&MIN(D7,$L$2),'Festivos por día'!$H$5:$H$468,1) -> 4
A8: 2001 | B8: T4 | C8: 37165 | D8: 37256 | E8: =COUNTIFS('Festivos por día'!$B$5:$B$468,">="&C8,'Festivos por día'!$B$5:$B$468,"<="&D8,'Festivos por día'!$H$5:$H$468,1) -> 5 | F8: =COUNTIFS('Festivos por día'!$B$5:$B$468,">="&C8,'Festivos por día'!$B$5:$B$468,"<="&D8) -> 5 | G8: =COUNTIFS('Festivos por día'!$B$5:$B$468,">="&C8,'Festivos por día'!$B$5:$B$468,"<="&D8,'Festivos por día'!$H$5:$H$468,0) -> 0 | H8: =SUMIFS('Festivos por día'!$I$5:$I$468,'Festivos por día'!$B$5:$B$468,">="&C8,'Festivos por día'!$B$5:$B$468,"<="&D8) -> 0 | I8: =COUNTIFS('Festivos por día'!$B$5:$B$468,">="&C8,'Festivos por día'!$B$5:$B$468,"<="&MIN(D8,$L$2),'Festivos por día'!$H$5:$H$468,1) -> 5
A9: 2002 | B9: T1 | C9: 37257 | D9: 37346 | E9: =COUNTIFS('Festivos por día'!$B$5:$B$468,">="&C9,'Festivos por día'!$B$5:$B$468,"<="&D9,'Festivos por día'!$H$5:$H$468,1) -> 5 | F9: =COUNTIFS('Festivos por día'!$B$5:$B$468,">="&C9,'Festivos por día'!$B$5:$B$468,"<="&D9) -> 5 | G9: =COUNTIFS('Festivos por día'!$B$5:$B$468,">="&C9,'Festivos por día'!$B$5:$B$468,"<="&D9,'Festivos por día'!$H$5:$H$468,0) -> 0 | H9: =SUMIFS('Festivos por día'!$I$5:$I$468,'Festivos por día'!$B$5:$B$468,">="&C9,'Festivos por día'!$B$5:$B$468,"<="&D9) -> 0 | I9: =COUNTIFS('Festivos por día'!$B$5:$B$468,">="&C9,'Festivos por día'!$B$5:$B$468,"<="&MIN(D9,$L$2),'Festivos por día'!$H$5:$H$468,1) -> 5 | K9: Año | L9: T1 | M9: T2 | N9: T3 | O9: T4 | P9: Total anual
A10: 2002 | B10: T2 | C10: 37347 | D10: 37437 | E10: =COUNTIFS('Festivos por día'!$B$5:$B$468,">="&C10,'Festivos por día'!$B$5:$B$468,"<="&D10,'Festivos por día'!$H$5:$H$468,1) -> 4 | F10: =COUNTIFS('Festivos por día'!$B$5:$B$468,">="&C10,'Festivos por día'!$B$5:$B$468,"<="&D10) -> 4 | G10: =COUNTIFS('Festivos por día'!$B$5:$B$468,">="&C10,'Festivos por día'!$B$5:$B$468,"<="&D10,'Festivos por día'!$H$5:$H$468,0) -> 0 | H10: =SUMIFS('Festivos por día'!$I$5:$I$468,'Festivos por día'!$B$5:$B$468,">="&C10,'Festivos por día'!$B$5:$B$468,"<="&D10) -> 0 | I10: =COUNTIFS('Festivos por día'!$B$5:$B$468,">="&C10,'Festivos por día'!$B$5:$B$468,"<="&MIN(D10,$L$2),'Festivos por día'!$H$5:$H$468,1) -> 4 | K10: 2001 | L10: =SUMIFS($E$5:$E$108,$A$5:$A$108,$K10,$B$5:$B$108,L$9) -> 3 | M10: =SUMIFS($E$5:$E$108,$A$5:$A$108,$K10,$B$5:$B$108,M$9) -> 6 | N10: =SUMIFS($E$5:$E$108,$A$5:$A$108,$K10,$B$5:$B$108,N$9) -> 4 | O10: =SUMIFS($E$5:$E$108,$A$5:$A$108,$K10,$B$5:$B$108,O$9) -> 5 | P10: =SUM(L10:O10) -> 18
A11: 2002 | B11: T3 | C11: 37438 | D11: 37529 | E11: =COUNTIFS('Festivos por día'!$B$5:$B$468,">="&C11,'Festivos por día'!$B$5:$B$468,"<="&D11,'Festivos por día'!$H$5:$H$468,1) -> 4 | F11: =COUNTIFS('Festivos por día'!$B$5:$B$468,">="&C11,'Festivos por día'!$B$5:$B$468,"<="&D11) -> 4 | G11: =COUNTIFS('Festivos por día'!$B$5:$B$468,">="&C11,'Festivos por día'!$B$5:$B$468,"<="&D11,'Festivos por día'!$H$5:$H$468,0) -> 0 | H11: =SUMIFS('Festivos por día'!$I$5:$I$468,'Festivos por día'!$B$5:$B$468,">="&C11,'Festivos por día'!$B$5:$B$468,"<="&D11) -> 0 | I11: =COUNTIFS('Festivos por día'!$B$5:$B$468,">="&C11,'Festivos por día'!$B$5:$B$468,"<="&MIN(D11,$L$2),'Festivos por día'!$H$5:$H$468,1) -> 4 | K11: 2002 | L11: =SUMIFS($E$5:$E$108,$A$5:$A$108,$K11,$B$5:$B$108,L$9) -> 5 | M11: =SUMIFS($E$5:$E$108,$A$5:$A$108,$K11,$B$5:$B$108,M$9) -> 4 | N11: =SUMIFS($E$5:$E$108,$A$5:$A$108,$K11,$B$5:$B$108,N$9) -> 4 | O11: =SUMIFS($E$5:$E$108,$A$5:$A$108,$K11,$B$5:$B$108,O$9) -> 4 | P11: =SUM(L11:O11) -> 17
A12: 2002 | B12: T4 | C12: 37530 | D12: 37621 | E12: =COUNTIFS('Festivos por día'!$B$5:$B$468,">="&C12,'Festivos por día'!$B$5:$B$468,"<="&D12,'Festivos por día'!$H$5:$H$468,1) -> 4 | F12: =COUNTIFS('Festivos por día'!$B$5:$B$468,">="&C12,'Festivos por día'!$B$5:$B$468,"<="&D12) -> 5 | G12: =COUNTIFS('Festivos por día'!$B$5:$B$468,">="&C12,'Festivos por día'!$B$5:$B$468,"<="&D12,'Festivos por día'!$H$5:$H$468,0) -> 1 | H12: =SUMIFS('Festivos por día'!$I$5:$I$468,'Festivos por día'!$B$5:$B$468,">="&C12,'Festivos por día'!$B$5:$B$468,"<="&D12) -> 0 | I12: =COUNTIFS('Festivos por día'!$B$5:$B$468,">="&C12,'Festivos por día'!$B$5:$B$468,"<="&MIN(D12,$L$2),'Festivos por día'!$H$5:$H$468,1) -> 4 | K12: 2003 | L12: =SUMIFS($E$5:$E$108,$A$5:$A$108,$K12,$B$5:$B$108,L$9) -> 3 | M12: =SUMIFS($E$5:$E$108,$A$5:$A$108,$K12,$B$5:$B$108,M$9) -> 6 | N12: =SUMIFS($E$5:$E$108,$A$5:$A$108,$K12,$B$5:$B$108,N$9) -> 2 | O12: =SUMIFS($E$5:$E$108,$A$5:$A$108,$K12,$B$5:$B$108,O$9) -> 5 | P12: =SUM(L12:O12) -> 16
A13: 2003 | B13: T1 | C13: 37622 | D13: 37711 | E13: =COUNTIFS('Festivos por día'!$B$5:$B$468,">="&C13,'Festivos por día'!$B$5:$B$468,"<="&D13,'Festivos por día'!$H$5:$H$468,1) -> 3 | F13: =COUNTIFS('Festivos por día'!$B$5:$B$468,">="&C13,'Festivos por día'!$B$5:$B$468,"<="&D13) -> 3 | G13: =COUNTIFS('Festivos por día'!$B$5:$B$468,">="&C13,'Festivos por día'!$B$5:$B$468,"<="&D13,'Festivos por día'!$H$5:$H$468,0) -> 0 | H13: =SUMIFS('Festivos por día'!$I$5:$I$468,'Festivos por día'!$B$5:$B$468,">="&C13,'Festivos por día'!$B$5:$B$468,"<="&D13) -> 0 | I13: =COUNTIFS('Festivos por día'!$B$5:$B$468,">="&C13,'Festivos por día'!$B$5:$B$468,"<="&MIN(D13,$L$2),'Festivos por día'!$H$5:$H$468,1) -> 3 | K13: 2004 | L13: =SUMIFS($E$5:$E$108,$A$5:$A$108,$K13,$B$5:$B$108,L$9) -> 3 | M13: =SUMIFS($E$5:$E$108,$A$5:$A$108,$K13,$B$5:$B$108,M$9) -> 6 | N13: =SUMIFS($E$5:$E$108,$A$5:$A$108,$K13,$B$5:$B$108,N$9) -> 4 | O13: =SUMIFS($E$5:$E$108,$A$5:$A$108,$K13,$B$5:$B$108,O$9) -> 5 | P13: =SUM(L13:O13) -> 18
A14: 2003 | B14: T2 | C14: 37712 | D14: 37802 | E14: =COUNTIFS('Festivos por día'!$B$5:$B$468,">="&C14,'Festivos por día'!$B$5:$B$468,"<="&D14,'Festivos por día'!$H$5:$H$468,1) -> 6 | F14: =COUNTIFS('Festivos por día'!$B$5:$B$468,">="&C14,'Festivos por día'!$B$5:$B$468,"<="&D14) -> 6 | G14: =COUNTIFS('Festivos por día'!$B$5:$B$468,">="&C14,'Festivos por día'!$B$5:$B$468,"<="&D14,'Festivos por día'!$H$5:$H$468,0) -> 0 | H14: =SUMIFS('Festivos por día'!$I$5:$I$468,'Festivos por día'!$B$5:$B$468,">="&C14,'Festivos por día'!$B$5:$B$468,"<="&D14) -> 1 | I14: =COUNTIFS('Festivos por día'!$B$5:$B$468,">="&C14,'Festivos por día'!$B$5:$B$468,"<="&MIN(D14,$L$2),'Festivos por día'!$H$5:$H$468,1) -> 6 | K14: 2005 | L14: =SUMIFS($E$5:$E$108,$A$5:$A$108,$K14,$B$5:$B$108,L$9) -> 5 | M14: =SUMIFS($E$5:$E$108,$A$5:$A$108,$K14,$B$5:$B$108,M$9) -> 3 | N14: =SUMIFS($E$5:$E$108,$A$5:$A$108,$K14,$B$5:$B$108,N$9) -> 3 | O14: =SUMIFS($E$5:$E$108,$A$5:$A$108,$K14,$B$5:$B$108,O$9) -> 4 | P14: =SUM(L14:O14) -> 15
A15: 2003 | B15: T3 | C15: 37803 | D15: 37894 | E15: =COUNTIFS('Festivos por día'!$B$5:$B$468,">="&C15,'Festivos por día'!$B$5:$B$468,"<="&D15,'Festivos por día'!$H$5:$H$468,1) -> 2 | F15: =COUNTIFS('Festivos por día'!$B$5:$B$468,">="&C15,'Festivos por día'!$B$5:$B$468,"<="&D15) -> 3 | G15: =COUNTIFS('Festivos por día'!$B$5:$B$468,">="&C15,'Festivos por día'!$B$5:$B$468,"<="&D15,'Festivos por día'!$H$5:$H$468,0) -> 1 | H15: =SUMIFS('Festivos por día'!$I$5:$I$468,'Festivos por día'!$B$5:$B$468,">="&C15,'Festivos por día'!$B$5:$B$468,"<="&D15) -> 0 | I15: =COUNTIFS('Festivos por día'!$B$5:$B$468,">="&C15,'Festivos por día'!$B$5:$B$468,"<="&MIN(D15,$L$2),'Festivos por día'!$H$5:$H$468,1) -> 2 | K15: 2006 | L15: =SUMIFS($E$5:$E$108,$A$5:$A$108,$K15,$B$5:$B$108,L$9) -> 2 | M15: =SUMIFS($E$5:$E$108,$A$5:$A$108,$K15,$B$5:$B$108,M$9) -> 6 | N15: =SUMIFS($E$5:$E$108,$A$5:$A$108,$K15,$B$5:$B$108,N$9) -> 4 | O15: =SUMIFS($E$5:$E$108,$A$5:$A$108,$K15,$B$5:$B$108,O$9) -> 5 | P15: =SUM(L15:O15) -> 17
A16: 2003 | B16: T4 | C16: 37895 | D16: 37986 | E16: =COUNTIFS('Festivos por día'!$B$5:$B$468,">="&C16,'Festivos por día'!$B$5:$B$468,"<="&D16,'Festivos por día'!$H$5:$H$468,1) -> 5 | F16: =COUNTIFS('Festivos por día'!$B$5:$B$468,">="&C16,'Festivos por día'!$B$5:$B$468,"<="&D16) -> 5 | G16: =COUNTIFS('Festivos por día'!$B$5:$B$468,">="&C16,'Festivos por día'!$B$5:$B$468,"<="&D16,'Festivos por día'!$H$5:$H$468,0) -> 0 | H16: =SUMIFS('Festivos por día'!$I$5:$I$468,'Festivos por día'!$B$5:$B$468,">="&C16,'Festivos por día'!$B$5:$B$468,"<="&D16) -> 0 | I16: =COUNTIFS('Festivos por día'!$B$5:$B$468,">="&C16,'Festivos por día'!$B$5:$B$468,"<="&MIN(D16,$L$2),'Festivos por día'!$H$5:$H$468,1) -> 5 | K16: 2007 | L16: =SUMIFS($E$5:$E$108,$A$5:$A$108,$K16,$B$5:$B$108,L$9) -> 3 | M16: =SUMIFS($E$5:$E$108,$A$5:$A$108,$K16,$B$5:$B$108,M$9) -> 6 | N16: =SUMIFS($E$5:$E$108,$A$5:$A$108,$K16,$B$5:$B$108,N$9) -> 4 | O16: =SUMIFS($E$5:$E$108,$A$5:$A$108,$K16,$B$5:$B$108,O$9) -> 5 | P16: =SUM(L16:O16) -> 18
A17: 2004 | B17: T1 | C17: 37987 | D17: 38077 | E17: =COUNTIFS('Festivos por día'!$B$5:$B$468,">="&C17,'Festivos por día'!$B$5:$B$468,"<="&D17,'Festivos por día'!$H$5:$H$468,1) -> 3 | F17: =COUNTIFS('Festivos por día'!$B$5:$B$468,">="&C17,'Festivos por día'!$B$5:$B$468,"<="&D17) -> 3 | G17: =COUNTIFS('Festivos por día'!$B$5:$B$468,">="&C17,'Festivos por día'!$B$5:$B$468,"<="&D17,'Festivos por día'!$H$5:$H$468,0) -> 0 | H17: =SUMIFS('Festivos por día'!$I$5:$I$468,'Festivos por día'!$B$5:$B$468,">="&C17,'Festivos por día'!$B$5:$B$468,"<="&D17) -> 0 | I17: =COUNTIFS('Festivos por día'!$B$5:$B$468,">="&C17,'Festivos por día'!$B$5:$B$468,"<="&MIN(D17,$L$2),'Festivos por día'!$H$5:$H$468,1) -> 3 | K17: 2008 | L17: =SUMIFS($E$5:$E$108,$A$5:$A$108,$K17,$B$5:$B$108,L$9) -> 5 | M17: =SUMIFS($E$5:$E$108,$A$5:$A$108,$K17,$B$5:$B$108,M$9) -> 5 | N17: =SUMIFS($E$5:$E$108,$A$5:$A$108,$K17,$B$5:$B$108,N$9) -> 2 | O17: =SUMIFS($E$5:$E$108,$A$5:$A$108,$K17,$B$5:$B$108,O$9) -> 5 | P17: =SUM(L17:O17) -> 17
A18: 2004 | B18: T2 | C18: 38078 | D18: 38168 | E18: =COUNTIFS('Festivos por día'!$B$5:$B$468,">="&C18,'Festivos por día'!$B$5:$B$468,"<="&D18,'Festivos por día'!$H$5:$H$468,1) -> 6 | F18: =COUNTIFS('Festivos por día'!$B$5:$B$468,">="&C18,'Festivos por día'!$B$5:$B$468,"<="&D18) -> 6 | G18: =COUNTIFS('Festivos por día'!$B$5:$B$468,">="&C18,'Festivos por día'!$B$5:$B$468,"<="&D18,'Festivos por día'!$H$5:$H$468,0) -> 0 | H18: =SUMIFS('Festivos por día'!$I$5:$I$468,'Festivos por día'!$B$5:$B$468,">="&C18,'Festivos por día'!$B$5:$B$468,"<="&D18) -> 0 | I18: =COUNTIFS('Festivos por día'!$B$5:$B$468,">="&C18,'Festivos por día'!$B$5:$B$468,"<="&MIN(D18,$L$2),'Festivos por día'!$H$5:$H$468,1) -> 6 | K18: 2009 | L18: =SUMIFS($E$5:$E$108,$A$5:$A$108,$K18,$B$5:$B$108,L$9) -> 3 | M18: =SUMIFS($E$5:$E$108,$A$5:$A$108,$K18,$B$5:$B$108,M$9) -> 7 | N18: =SUMIFS($E$5:$E$108,$A$5:$A$108,$K18,$B$5:$B$108,N$9) -> 3 | O18: =SUMIFS($E$5:$E$108,$A$5:$A$108,$K18,$B$5:$B$108,O$9) -> 5 | P18: =SUM(L18:O18) -> 18
A19: 2004 | B19: T3 | C19: 38169 | D19: 38260 | E19: =COUNTIFS('Festivos por día'!$B$5:$B$468,">="&C19,'Festivos por día'!$B$5:$B$468,"<="&D19,'Festivos por día'!$H$5:$H$468,1) -> 4 | F19: =COUNTIFS('Festivos por día'!$B$5:$B$468,">="&C19,'Festivos por día'!$B$5:$B$468,"<="&D19) -> 4 | G19: =COUNTIFS('Festivos por día'!$B$5:$B$468,">="&C19,'Festivos por día'!$B$5:$B$468,"<="&D19,'Festivos por día'!$H$5:$H$468,0) -> 0 | H19: =SUMIFS('Festivos por día'!$I$5:$I$468,'Festivos por día'!$B$5:$B$468,">="&C19,'Festivos por día'!$B$5:$B$468,"<="&D19) -> 0 | I19: =COUNTIFS('Festivos por día'!$B$5:$B$468,">="&C19,'Festivos por día'!$B$5:$B$468,"<="&MIN(D19,$L$2),'Festivos por día'!$H$5:$H$468,1) -> 4 | K19: 2010 | L19: =SUMIFS($E$5:$E$108,$A$5:$A$108,$K19,$B$5:$B$108,L$9) -> 3 | M19: =SUMIFS($E$5:$E$108,$A$5:$A$108,$K19,$B$5:$B$108,M$9) -> 6 | N19: =SUMIFS($E$5:$E$108,$A$5:$A$108,$K19,$B$5:$B$108,N$9) -> 4 | O19: =SUMIFS($E$5:$E$108,$A$5:$A$108,$K19,$B$5:$B$108,O$9) -> 5 | P19: =SUM(L19:O19) -> 18
A20: 2004 | B20: T4 | C20: 38261 | D20: 38352 | E20: =COUNTIFS('Festivos por día'!$B$5:$B$468,">="&C20,'Festivos por día'!$B$5:$B$468,"<="&D20,'Festivos por día'!$H$5:$H$468,1) -> 5 | F20: =COUNTIFS('Festivos por día'!$B$5:$B$468,">="&C20,'Festivos por día'!$B$5:$B$468,"<="&D20) -> 5 | G20: =COUNTIFS('Festivos por día'!$B$5:$B$468,">="&C20,'Festivos por día'!$B$5:$B$468,"<="&D20,'Festivos por día'!$H$5:$H$468,0) -> 0 | H20: =SUMIFS('Festivos por día'!$I$5:$I$468,'Festivos por día'!$B$5:$B$468,">="&C20,'Festivos por día'!$B$5:$B$468,"<="&D20) -> 0 | I20: =COUNTIFS('Festivos por día'!$B$5:$B$468,">="&C20,'Festivos por día'!$B$5:$B$468,"<="&MIN(D20,$L$2),'Festivos por día'!$H$5:$H$468,1) -> 5 | K20: 2011 | L20: =SUMIFS($E$5:$E$108,$A$5:$A$108,$K20,$B$5:$B$108,L$9) -> 3 | M20: =SUMIFS($E$5:$E$108,$A$5:$A$108,$K20,$B$5:$B$108,M$9) -> 4 | N20: =SUMIFS($E$5:$E$108,$A$5:$A$108,$K20,$B$5:$B$108,N$9) -> 3 | O20: =SUMIFS($E$5:$E$108,$A$5:$A$108,$K20,$B$5:$B$108,O$9) -> 4 | P20: =SUM(L20:O20) -> 14
A21: 2005 | B21: T1 | C21: 38353 | D21: 38442 | E21: =COUNTIFS('Festivos por día'!$B$5:$B$468,">="&C21,'Festivos por día'!$B$5:$B$468,"<="&D21,'Festivos por día'!$H$5:$H$468,1) -> 5 | F21: =COUNTIFS('Festivos por día'!$B$5:$B$468,">="&C21,'Festivos por día'!$B$5:$B$468,"<="&D21) -> 5 | G21: =COUNTIFS('Festivos por día'!$B$5:$B$468,">="&C21,'Festivos por día'!$B$5:$B$468,"<="&D21,'Festivos por día'!$H$5:$H$468,0) -> 0 | H21: =SUMIFS('Festivos por día'!$I$5:$I$468,'Festivos por día'!$B$5:$B$468,">="&C21,'Festivos por día'!$B$5:$B$468,"<="&D21) -> 0 | I21: =COUNTIFS('Festivos por día'!$B$5:$B$468,">="&C21,'Festivos por día'!$B$5:$B$468,"<="&MIN(D21,$L$2),'Festivos por día'!$H$5:$H$468,1) -> 5 | K21: 2012 | L21: =SUMIFS($E$5:$E$108,$A$5:$A$108,$K21,$B$5:$B$108,L$9) -> 2 | M21: =SUMIFS($E$5:$E$108,$A$5:$A$108,$K21,$B$5:$B$108,M$9) -> 6 | N21: =SUMIFS($E$5:$E$108,$A$5:$A$108,$K21,$B$5:$B$108,N$9) -> 4 | O21: =SUMIFS($E$5:$E$108,$A$5:$A$108,$K21,$B$5:$B$108,O$9) -> 5 | P21: =SUM(L21:O21) -> 17
... A35: 2008 | B35: T3 | C35: 39630 | D35: 39721 | E35: =COUNTIFS('Festivos por día'!$B$5:$B$468,">="&C35,'Festivos por día'!$B$5:$B$468,"<="&D35,'Festivos por día'!$H$5:$H$468,1) -> 2 | F35: =COUNTIFS('Festivos por día'!$B$5:$B$468,">="&C35,'Festivos por día'!$B$5:$B$468,"<="&D35) -> 3 | G35: =COUNTIFS('Festivos por día'!$B$5:$B$468,">="&C35,'Festivos por día'!$B$5:$B$468,"<="&D35,'Festivos por día'!$H$5:$H$468,0) -> 1 | H35: =SUMIFS('Festivos por día'!$I$5:$I$468,'Festivos por día'!$B$5:$B$468,">="&C35,'Festivos por día'!$B$5:$B$468,"<="&D35) -> 0 | I35: =COUNTIFS('Festivos por día'!$B$5:$B$468,">="&C35,'Festivos por día'!$B$5:$B$468,"<="&MIN(D35,$L$2),'Festivos por día'!$H$5:$H$468,1) -> 2 | K35: 2026 | L35: =SUMIFS($E$5:$E$108,$A$5:$A$108,$K35,$B$5:$B$108,L$9) -> 3 | M35: =SUMIFS($E$5:$E$108,$A$5:$A$108,$K35,$B$5:$B$108,M$9) -> 7 | N35: =SUMIFS($E$5:$E$108,$A$5:$A$108,$K35,$B$5:$B$108,N$9) -> 4 | O35: =SUMIFS($E$5:$E$108,$A$5:$A$108,$K35,$B$5:$B$108,O$9) -> 5 | P35: =SUM(L35:O35) -> 19
A36: 2008 | B36: T4 | C36: 39722 | D36: 39813 | E36: =COUNTIFS('Festivos por día'!$B$5:$B$468,">="&C36,'Festivos por día'!$B$5:$B$468,"<="&D36,'Festivos por día'!$H$5:$H$468,1) -> 5 | F36: =COUNTIFS('Festivos por día'!$B$5:$B$468,">="&C36,'Festivos por día'!$B$5:$B$468,"<="&D36) -> 5 | G36: =COUNTIFS('Festivos por día'!$B$5:$B$468,">="&C36,'Festivos por día'!$B$5:$B$468,"<="&D36,'Festivos por día'!$H$5:$H$468,0) -> 0 | H36: =SUMIFS('Festivos por día'!$I$5:$I$468,'Festivos por día'!$B$5:$B$468,">="&C36,'Festivos por día'!$B$5:$B$468,"<="&D36) -> 0 | I36: =COUNTIFS('Festivos por día'!$B$5:$B$468,">="&C36,'Festivos por día'!$B$5:$B$468,"<="&MIN(D36,$L$2),'Festivos por día'!$H$5:$H$468,1) -> 5
A37: 2009 | B37: T1 | C37: 39814 | D37: 39903 | E37: =COUNTIFS('Festivos por día'!$B$5:$B$468,">="&C37,'Festivos por día'!$B$5:$B$468,"<="&D37,'Festivos por día'!$H$5:$H$468,1) -> 3 | F37: =COUNTIFS('Festivos por día'!$B$5:$B$468,">="&C37,'Festivos por día'!$B$5:$B$468,"<="&D37) -> 3 | G37: =COUNTIFS('Festivos por día'!$B$5:$B$468,">="&C37,'Festivos por día'!$B$5:$B$468,"<="&D37,'Festivos por día'!$H$5:$H$468,0) -> 0 | H37: =SUMIFS('Festivos por día'!$I$5:$I$468,'Festivos por día'!$B$5:$B$468,">="&C37,'Festivos por día'!$B$5:$B$468,"<="&D37) -> 0 | I37: =COUNTIFS('Festivos por día'!$B$5:$B$468,">="&C37,'Festivos por día'!$B$5:$B$468,"<="&MIN(D37,$L$2),'Festivos por día'!$H$5:$H$468,1) -> 3
A38: 2009 | B38: T2 | C38: 39904 | D38: 39994 | E38: =COUNTIFS('Festivos por día'!$B$5:$B$468,">="&C38,'Festivos por día'!$B$5:$B$468,"<="&D38,'Festivos por día'!$H$5:$H$468,1) -> 7 | F38: =COUNTIFS('Festivos por día'!$B$5:$B$468,">="&C38,'Festivos por día'!$B$5:$B$468,"<="&D38) -> 7 | G38: =COUNTIFS('Festivos por día'!$B$5:$B$468,">="&C38,'Festivos por día'!$B$5:$B$468,"<="&D38,'Festivos por día'!$H$5:$H$468,0) -> 0 | H38: =SUMIFS('Festivos por día'!$I$5:$I$468,'Festivos por día'!$B$5:$B$468,">="&C38,'Festivos por día'!$B$5:$B$468,"<="&D38) -> 0 | I38: =COUNTIFS('Festivos por día'!$B$5:$B$468,">="&C38,'Festivos por día'!$B$5:$B$468,"<="&MIN(D38,$L$2),'Festivos por día'!$H$5:$H$468,1) -> 7
A39: 2009 | B39: T3 | C39: 39995 | D39: 40086 | E39: =COUNTIFS('Festivos por día'!$B$5:$B$468,">="&C39,'Festivos por día'!$B$5:$B$468,"<="&D39,'Festivos por día'!$H$5:$H$468,1) -> 3 | F39: =COUNTIFS('Festivos por día'!$B$5:$B$468,">="&C39,'Festivos por día'!$B$5:$B$468,"<="&D39) -> 3 | G39: =COUNTIFS('Festivos por día'!$B$5:$B$468,">="&C39,'Festivos por día'!$B$5:$B$468,"<="&D39,'Festivos por día'!$H$5:$H$468,0) -> 0 | H39: =SUMIFS('Festivos por día'!$I$5:$I$468,'Festivos por día'!$B$5:$B$468,">="&C39,'Festivos por día'!$B$5:$B$468,"<="&D39) -> 0 | I39: =COUNTIFS('Festivos por día'!$B$5:$B$468,">="&C39,'Festivos por día'!$B$5:$B$468,"<="&MIN(D39,$L$2),'Festivos por día'!$H$5:$H$468,1) -> 3
A40: 2009 | B40: T4 | C40: 40087 | D40: 40178 | E40: =COUNTIFS('Festivos por día'!$B$5:$B$468,">="&C40,'Festivos por día'!$B$5:$B$468,"<="&D40,'Festivos por día'!$H$5:$H$468,1) -> 5 | F40: =COUNTIFS('Festivos por día'!$B$5:$B$468,">="&C40,'Festivos por día'!$B$5:$B$468,"<="&D40) -> 5 | G40: =COUNTIFS('Festivos por día'!$B$5:$B$468,">="&C40,'Festivos por día'!$B$5:$B$468,"<="&D40,'Festivos por día'!$H$5:$H$468,0) -> 0 | H40: =SUMIFS('Festivos por día'!$I$5:$I$468,'Festivos por día'!$B$5:$B$468,">="&C40,'Festivos por día'!$B$5:$B$468,"<="&D40) -> 0 | I40: =COUNTIFS('Festivos por día'!$B$5:$B$468,">="&C40,'Festivos por día'!$B$5:$B$468,"<="&MIN(D40,$L$2),'Festivos por día'!$H$5:$H$468,1) -> 5
A41: 2010 | B41: T1 | C41: 40179 | D41: 40268 | E41: =COUNTIFS('Festivos por día'!$B$5:$B$468,">="&C41,'Festivos por día'!$B$5:$B$468,"<="&D41,'Festivos por día'!$H$5:$H$468,1) -> 3 | F41: =COUNTIFS('Festivos por día'!$B$5:$B$468,">="&C41,'Festivos por día'!$B$5:$B$468,"<="&D41) -> 3 | G41: =COUNTIFS('Festivos por día'!$B$5:$B$468,">="&C41,'Festivos por día'!$B$5:$B$468,"<="&D41,'Festivos por día'!$H$5:$H$468,0) -> 0 | H41: =SUMIFS('Festivos por día'!$I$5:$I$468,'Festivos por día'!$B$5:$B$468,">="&C41,'Festivos por día'!$B$5:$B$468,"<="&D41) -> 0 | I41: =COUNTIFS('Festivos por día'!$B$5:$B$468,">="&C41,'Festivos por día'!$B$5:$B$468,"<="&MIN(D41,$L$2),'Festivos por día'!$H$5:$H$468,1) -> 3
A42: 2010 | B42: T2 | C42: 40269 | D42: 40359 | E42: =COUNTIFS('Festivos por día'!$B$5:$B$468,">="&C42,'Festivos por día'!$B$5:$B$468,"<="&D42,'Festivos por día'!$H$5:$H$468,1) -> 6 | F42: =COUNTIFS('Festivos por día'!$B$5:$B$468,">="&C42,'Festivos por día'!$B$5:$B$468,"<="&D42) -> 6 | G42: =COUNTIFS('Festivos por día'!$B$5:$B$468,">="&C42,'Festivos por día'!$B$5:$B$468,"<="&D42,'Festivos por día'!$H$5:$H$468,0) -> 0 | H42: =SUMIFS('Festivos por día'!$I$5:$I$468,'Festivos por día'!$B$5:$B$468,">="&C42,'Festivos por día'!$B$5:$B$468,"<="&D42) -> 0 | I42: =COUNTIFS('Festivos por día'!$B$5:$B$468,">="&C42,'Festivos por día'!$B$5:$B$468,"<="&MIN(D42,$L$2),'Festivos por día'!$H$5:$H$468,1) -> 6
A43: 2010 | B43: T3 | C43: 40360 | D43: 40451 | E43: =COUNTIFS('Festivos por día'!$B$5:$B$468,">="&C43,'Festivos por día'!$B$5:$B$468,"<="&D43,'Festivos por día'!$H$5:$H$468,1) -> 4 | F43: =COUNTIFS('Festivos por día'!$B$5:$B$468,">="&C43,'Festivos por día'!$B$5:$B$468,"<="&D43) -> 4 | G43: =COUNTIFS('Festivos por día'!$B$5:$B$468,">="&C43,'Festivos por día'!$B$5:$B$468,"<="&D43,'Festivos por día'!$H$5:$H$468,0) -> 0 | H43: =SUMIFS('Festivos por día'!$I$5:$I$468,'Festivos por día'!$B$5:$B$468,">="&C43,'Festivos por día'!$B$5:$B$468,"<="&D43) -> 0 | I43: =COUNTIFS('Festivos por día'!$B$5:$B$468,">="&C43,'Festivos por día'!$B$5:$B$468,"<="&MIN(D43,$L$2),'Festivos por día'!$H$5:$H$468,1) -> 4
A44: 2010 | B44: T4 | C44: 40452 | D44: 40543 | E44: =COUNTIFS('Festivos por día'!$B$5:$B$468,">="&C44,'Festivos por día'!$B$5:$B$468,"<="&D44,'Festivos por día'!$H$5:$H$468,1) -> 5 | F44: =COUNTIFS('Festivos por día'!$B$5:$B$468,">="&C44,'Festivos por día'!$B$5:$B$468,"<="&D44) -> 5 | G44: =COUNTIFS('Festivos por día'!$B$5:$B$468,">="&C44,'Festivos por día'!$B$5:$B$468,"<="&D44,'Festivos por día'!$H$5:$H$468,0) -> 0 | H44: =SUMIFS('Festivos por día'!$I$5:$I$468,'Festivos por día'!$B$5:$B$468,">="&C44,'Festivos por día'!$B$5:$B$468,"<="&D44) -> 0 | I44: =COUNTIFS('Festivos por día'!$B$5:$B$468,">="&C44,'Festivos por día'!$B$5:$B$468,"<="&MIN(D44,$L$2),'Festivos por día'!$H$5:$H$468,1) -> 5
A45: 2011 | B45: T1 | C45: 40544 | D45: 40633 | E45: =COUNTIFS('Festivos por día'!$B$5:$B$468,">="&C45,'Festivos por día'!$B$5:$B$468,"<="&D45,'Festivos por día'!$H$5:$H$468,1) -> 3 | F45: =COUNTIFS('Festivos por día'!$B$5:$B$468,">="&C45,'Festivos por día'!$B$5:$B$468,"<="&D45) -> 3 | G45: =COUNTIFS('Festivos por día'!$B$5:$B$468,">="&C45,'Festivos por día'!$B$5:$B$468,"<="&D45,'Festivos por día'!$H$5:$H$468,0) -> 0 | H45: =SUMIFS('Festivos por día'!$I$5:$I$468,'Festivos por día'!$B$5:$B$468,">="&C45,'Festivos por día'!$B$5:$B$468,"<="&D45) -> 0 | I45: =COUNTIFS('Festivos por día'!$B$5:$B$468,">="&C45,'Festivos por día'!$B$5:$B$468,"<="&MIN(D45,$L$2),'Festivos por día'!$H$5:$H$468,1) -> 3
A46: 2011 | B46: T2 | C46: 40634 | D46: 40724 | E46: =COUNTIFS('Festivos por día'!$B$5:$B$468,">="&C46,'Festivos por día'!$B$5:$B$468,"<="&D46,'Festivos por día'!$H$5:$H$468,1) -> 4 | F46: =COUNTIFS('Festivos por día'!$B$5:$B$468,">="&C46,'Festivos por día'!$B$5:$B$468,"<="&D46) -> 5 | G46: =COUNTIFS('Festivos por día'!$B$5:$B$468,">="&C46,'Festivos por día'!$B$5:$B$468,"<="&D46,'Festivos por día'!$H$5:$H$468,0) -> 1 | H46: =SUMIFS('Festivos por día'!$I$5:$I$468,'Festivos por día'!$B$5:$B$468,">="&C46,'Festivos por día'!$B$5:$B$468,"<="&D46) -> 0 | I46: =COUNTIFS('Festivos por día'!$B$5:$B$468,">="&C46,'Festivos por día'!$B$5:$B$468,"<="&MIN(D46,$L$2),'Festivos por día'!$H$5:$H$468,1) -> 4
A47: 2011 | B47: T3 | C47: 40725 | D47: 40816 | E47: =COUNTIFS('Festivos por día'!$B$5:$B$468,">="&C47,'Festivos por día'!$B$5:$B$468,"<="&D47,'Festivos por día'!$H$5:$H$468,1) -> 3 | F47: =COUNTIFS('Festivos por día'!$B$5:$B$468,">="&C47,'Festivos por día'!$B$5:$B$468,"<="&D47) -> 4 | G47: =COUNTIFS('Festivos por día'!$B$5:$B$468,">="&C47,'Festivos por día'!$B$5:$B$468,"<="&D47,'Festivos por día'!$H$5:$H$468,0) -> 1 | H47: =SUMIFS('Festivos por día'!$I$5:$I$468,'Festivos por día'!$B$5:$B$468,">="&C47,'Festivos por día'!$B$5:$B$468,"<="&D47) -> 1 | I47: =COUNTIFS('Festivos por día'!$B$5:$B$468,">="&C47,'Festivos por día'!$B$5:$B$468,"<="&MIN(D47,$L$2),'Festivos por día'!$H$5:$H$468,1) -> 3
... A108: 2026 | B108: T4 | C108: 46296 | D108: 46387 | E108: =COUNTIFS('Festivos por día'!$B$5:$B$468,">="&C108,'Festivos por día'!$B$5:$B$468,"<="&D108,'Festivos por día'!$H$5:$H$468,1) -> 5 | F108: =COUNTIFS('Festivos por día'!$B$5:$B$468,">="&C108,'Festivos por día'!$B$5:$B$468,"<="&D108) -> 5 | G108: =COUNTIFS('Festivos por día'!$B$5:$B$468,">="&C108,'Festivos por día'!$B$5:$B$468,"<="&D108,'Festivos por día'!$H$5:$H$468,0) -> 0 | H108: =SUMIFS('Festivos por día'!$I$5:$I$468,'Festivos por día'!$B$5:$B$468,">="&C108,'Festivos por día'!$B$5:$B$468,"<="&D108) -> 0 | I108: =COUNTIFS('Festivos por día'!$B$5:$B$468,">="&C108,'Festivos por día'!$B$5:$B$468,"<="&MIN(D108,$L$2),'Festivos por día'!$H$5:$H$468,1) -> 0

Sheet Festivos por día
A1: Fechas festivas observadas y conteo de efectividad
A2: Cada fila es una fecha observada única. Si dos celebraciones llegan al mismo lunes, aparecen agregadas y la fecha cuenta una sola vez.
A4: Año | B4: Fecha observada | C4: Día | D4: Trimestre | E4: Celebración(es) | F4: Fecha(s) nominal(es) | G4: N.º celebraciones | H4: Efectivo | I4: Coincidencia | J4: Justificación | K4: Norma(s) | L4: Fuente(s) | M4: Ocurrido al corte
A5: 2001 | B5: 36892 | C5: lunes | D5: T1 | E5: Año Nuevo | F5: 2001-01-01 | G5: 1 | H5: 1 | I5: 0 | J5: Cuenta como día efectivo; el descanso observado no cae en domingo. | K5: Ley 51 de 1983 | L5: https://www.funcionpublica.gov.co/eva/gestornormativo/norma.php?i=4954 | M5: 1
A6: 2001 | B6: 36899 | C6: lunes | D6: T1 | E6: Epifanía / Reyes Magos | F6: 2001-01-06 | G6: 1 | H6: 1 | I6: 0 | J6: Cuenta como día efectivo; el descanso observado no cae en domingo. | K6: Ley 51 de 1983 | L6: https://www.funcionpublica.gov.co/eva/gestornormativo/norma.php?i=4954 | M6: 1
A7: 2001 | B7: 36969 | C7: lunes | D7: T1 | E7: San José | F7: 2001-03-19 | G7: 1 | H7: 1 | I7: 0 | J7: Cuenta como día efectivo; el descanso observado no cae en domingo. | K7: Ley 51 de 1983 | L7: https://www.funcionpublica.gov.co/eva/gestornormativo/norma.php?i=4954 | M7: 1
A8: 2001 | B8: 36993 | C8: jueves | D8: T2 | E8: Jueves Santo | F8: 2001-04-12 | G8: 1 | H8: 1 | I8: 0 | J8: Cuenta como día efectivo; el descanso observado no cae en domingo. | K8: Ley 51 de 1983 | L8: https://www.funcionpublica.gov.co/eva/gestornormativo/norma.php?i=4954 | M8: 1
A9: 2001 | B9: 36994 | C9: viernes | D9: T2 | E9: Viernes Santo | F9: 2001-04-13 | G9: 1 | H9: 1 | I9: 0 | J9: Cuenta como día efectivo; el descanso observado no cae en domingo. | K9: Ley 51 de 1983 | L9: https://www.funcionpublica.gov.co/eva/gestornormativo/norma.php?i=4954 | M9: 1
A10: 2001 | B10: 37012 | C10: martes | D10: T2 | E10: Día del Trabajo | F10: 2001-05-01 | G10: 1 | H10: 1 | I10: 0 | J10: Cuenta como día efectivo; el descanso observado no cae en domingo. | K10: Ley 51 de 1983 | L10: https://www.funcionpublica.gov.co/eva/gestornormativo/norma.php?i=4954 | M10: 1
A11: 2001 | B11: 37039 | C11: lunes | D11: T2 | E11: Ascensión del Señor | F11: 2001-05-24 | G11: 1 | H11: 1 | I11: 0 | J11: Cuenta como día efectivo; el descanso observado no cae en domingo. | K11: Ley 51 de 1983 | L11: https://www.funcionpublica.gov.co/eva/gestornormativo/norma.php?i=4954 | M11: 1
A12: 2001 | B12: 37060 | C12: lunes | D12: T2 | E12: Corpus Christi | F12: 2001-06-14 | G12: 1 | H12: 1 | I12: 0 | J12: Cuenta como día efectivo; el descanso observado no cae en domingo. | K12: Ley 51 de 1983 | L12: https://www.funcionpublica.gov.co/eva/gestornormativo/norma.php?i=4954 | M12: 1
A13: 2001 | B13: 37067 | C13: lunes | D13: T2 | E13: Sagrado Corazón de Jesús | F13: 2001-06-22 | G13: 1 | H13: 1 | I13: 0 | J13: Cuenta como día efectivo; el descanso observado no cae en domingo. | K13: Ley 51 de 1983 | L13: https://www.funcionpublica.gov.co/eva/gestornormativo/norma.php?i=4954 | M13: 1
A14: 2001 | B14: 37074 | C14: lunes | D14: T3 | E14: San Pedro y San Pablo | F14: 2001-06-29 | G14: 1 | H14: 1 | I14: 0 | J14: Cuenta como día efectivo; el descanso observado no cae en domingo. | K14: Ley 51 de 1983 | L14: https://www.funcionpublica.gov.co/eva/gestornormativo/norma.php?i=4954 | M14: 1
A15: 2001 | B15: 37092 | C15: viernes | D15: T3 | E15: Independencia de Colombia | F15: 2001-07-20 | G15: 1 | H15: 1 | I15: 0 | J15: Cuenta como día efectivo; el descanso observado no cae en domingo. | K15: Ley 51 de 1983 | L15: https://www.funcionpublica.gov.co/eva/gestornormativo/norma.php?i=4954 | M15: 1
A16: 2001 | B16: 37110 | C16: martes | D16: T3 | E16: Batalla de Boyacá | F16: 2001-08-07 | G16: 1 | H16: 1 | I16: 0 | J16: Cuenta como día efectivo; el descanso observado no cae en domingo. | K16: Ley 51 de 1983 | L16: https://www.funcionpublica.gov.co/eva/gestornormativo/norma.php?i=4954 | M16: 1
... A468: 2026 | B468: 46381 | C468: viernes | D468: T4 | E468: Navidad | F468: 2026-12-25 | G468: 1 | H468: 1 | I468: 0 | J468: Cuenta como día efectivo; el descanso observado no cae en domingo. | K468: Ley 51 de 1983 | L468: https://www.funcionpublica.gov.co/eva/gestornormativo/norma.php?i=4954 | M468: 0

Sheet Detalle por festivo
A1: Detalle de cada celebración legal
A2: Esta hoja conserva una fila por celebración, incluso cuando dos celebraciones coinciden en la misma fecha observada.
A4: Año | B4: Celebración | C4: Fecha nominal | D4: Día nominal | E4: ¿Trasladable? | F4: Fecha observada | G4: Día observado | H4: ¿Fue trasladado? | I4: Trimestre | J4: Efectivo como evento | K4: Norma | L4: Fuente
A5: 2001 | B5: Año Nuevo | C5: 36892 | D5: lunes | E5: No | F5: 36892 | G5: lunes | H5: No | I5: T1 | J5: 1 | K5: Ley 51 de 1983 | L5: https://www.funcionpublica.gov.co/eva/gestornormativo/norma.php?i=4954
A6: 2001 | B6: Epifanía / Reyes Magos | C6: 36897 | D6: sábado | E6: Sí | F6: 36899 | G6: lunes | H6: Sí | I6: T1 | J6: 1 | K6: Ley 51 de 1983 | L6: https://www.funcionpublica.gov.co/eva/gestornormativo/norma.php?i=4954
A7: 2001 | B7: San José | C7: 36969 | D7: lunes | E7: Sí | F7: 36969 | G7: lunes | H7: No | I7: T1 | J7: 1 | K7: Ley 51 de 1983 | L7: https://www.funcionpublica.gov.co/eva/gestornormativo/norma.php?i=4954
A8: 2001 | B8: Jueves Santo | C8: 36993 | D8: jueves | E8: No | F8: 36993 | G8: jueves | H8: No | I8: T2 | J8: 1 | K8: Ley 51 de 1983 | L8: https://www.funcionpublica.gov.co/eva/gestornormativo/norma.php?i=4954
A9: 2001 | B9: Viernes Santo | C9: 36994 | D9: viernes | E9: No | F9: 36994 | G9: viernes | H9: No | I9: T2 | J9: 1 | K9: Ley 51 de 1983 | L9: https://www.funcionpublica.gov.co/eva/gestornormativo/norma.php?i=4954
A10: 2001 | B10: Día del Trabajo | C10: 37012 | D10: martes | E10: No | F10: 37012 | G10: martes | H10: No | I10: T2 | J10: 1 | K10: Ley 51 de 1983 | L10: https://www.funcionpublica.gov.co/eva/gestornormativo/norma.php?i=4954
A11: 2001 | B11: Ascensión del Señor | C11: 37035 | D11: jueves | E11: Sí | F11: 37039 | G11: lunes | H11: Sí | I11: T2 | J11: 1 | K11: Ley 51 de 1983 | L11: https://www.funcionpublica.gov.co/eva/gestornormativo/norma.php?i=4954
A12: 2001 | B12: Corpus Christi | C12: 37056 | D12: jueves | E12: Sí | F12: 37060 | G12: lunes | H12: Sí | I12: T2 | J12: 1 | K12: Ley 51 de 1983 | L12: https://www.funcionpublica.gov.co/eva/gestornormativo/norma.php?i=4954
A13: 2001 | B13: Sagrado Corazón de Jesús | C13: 37064 | D13: viernes | E13: Sí | F13: 37067 | G13: lunes | H13: Sí | I13: T2 | J13: 1 | K13: Ley 51 de 1983 | L13: https://www.funcionpublica.gov.co/eva/gestornormativo/norma.php?i=4954
A14: 2001 | B14: San Pedro y San Pablo | C14: 37071 | D14: viernes | E14: Sí | F14: 37074 | G14: lunes | H14: Sí | I14: T3 | J14: 1 | K14: Ley 51 de 1983 | L14: https://www.funcionpublica.gov.co/eva/gestornormativo/norma.php?i=4954
A15: 2001 | B15: Independencia de Colombia | C15: 37092 | D15: viernes | E15: No | F15: 37092 | G15: viernes | H15: No | I15: T3 | J15: 1 | K15: Ley 51 de 1983 | L15: https://www.funcionpublica.gov.co/eva/gestornormativo/norma.php?i=4954
A16: 2001 | B16: Batalla de Boyacá | C16: 37110 | D16: martes | E16: No | F16: 37110 | G16: martes | H16: No | I16: T3 | J16: 1 | K16: Ley 51 de 1983 | L16: https://www.funcionpublica.gov.co/eva/gestornormativo/norma.php?i=4954
... A473: 2026 | B473: Navidad | C473: 46381 | D473: viernes | E473: No | F473: 46381 | G473: viernes | H473: No | I473: T4 | J473: 1 | K473: Ley 51 de 1983 | L473: https://www.funcionpublica.gov.co/eva/gestornormativo/norma.php?i=4954

Sheet Reglas y fuentes
A1: Metodología, cambios normativos y fuentes
A3: Concepto | B3: Criterio aplicado
A4: Festivo efectivo | B4: Fecha festiva observada que no cae en domingo. El sábado sí cuenta, porque la solicitud señaló específicamente el tratamiento del domingo.
A5: Traslado Ley Emiliani | B5: Los festivos expresamente trasladables se observan el lunes siguiente cuando la fecha nominal no cae lunes; esto incluye los que nominalmente caen domingo.
A6: Festivo fijo en domingo | B6: No se mueve y no suma como día efectivo adicional.
A7: Coincidencias | B7: Cuando dos celebraciones se observan en la misma fecha, se cuenta un solo día efectivo.
A8: Trimestre | B8: Se asigna según la fecha observada, no según la fecha nominal.
A9: Año 2026 | B9: Se incluye el calendario completo de 2026; la columna «Efectivos hasta corte» permite usar estrictamente la información ocurrida hasta el 22-jul-2026.
A10: Pascua | B10: Jueves Santo, Viernes Santo, Ascensión, Corpus Christi y Sagrado Corazón se calculan a partir de la Pascua gregoriana mediante el algoritmo Meeus/Jones/Butcher.
A13: Vigencia | B13: Cambio | C13: Impacto en el cálculo | D13: Fuente
A14: 2001–1-jun-2026 | B14: Régimen de 18 celebraciones anuales de la Ley 51 de 1983. | C14: Se aplican 10 reglas de traslado; los festivos fijos en domingo no se trasladan. | D14: https://www.funcionpublica.gov.co/eva/gestornormativo/norma.php?i=4954
A15: Desde 2-jun-2026 | B15: La Ley 2578 de 2026 declaró festivo nacional el 9 de julio por Nuestra Señora del Rosario de Chiquinquirá. | C15: Desde 2026 hay una celebración adicional y se aplica la Ley 51 para determinar la fecha de descanso; en 2026 se observó el lunes 13 de julio. | D15: https://www.suin-juriscol.gov.co/clp/contenidos.dll/Leyes/30056513?fn=document-frame.htm%24f%3Dtemplates%243.0
A16: Todo el periodo | B16: No se identificó otra adición o eliminación de días festivos nacionales entre 2001 y la fecha de corte. | C16: Los cambios de denominación de algunas conmemoraciones no alteran el conteo. | D16: https://www.secretariasenado.gov.co/senado/basedoc/codigo_sustantivo_trabajo_pr006.html
A19: Fuente | B19: Uso | C19: URL
A20: Ley 51 de 1983 — Función Pública | B20: Lista base de festivos y reglas de traslado al lunes. | C20: https://www.funcionpublica.gov.co/eva/gestornormativo/norma.php?i=4954
A21: Código Sustantivo del Trabajo, artículo 177 — Senado | B21: Confirmación del régimen general de descanso remunerado. | C21: https://www.secretariasenado.gov.co/senado/basedoc/codigo_sustantivo_trabajo_pr006.html
A22: Ley 2578 de 2026 — SUIN-Juriscol | B22: Nuevo festivo nacional del 9 de julio y vigencia desde junio de 2026. | C22: https://www.suin-juriscol.gov.co/clp/contenidos.dll/Leyes/30056513?fn=document-frame.htm%24f%3Dtemplates%243.0
A25: Año | B25: Fecha observada | C25: Celebraciones coincidentes
A26: 2003 | B26: 37802 | C26: Sagrado Corazón de Jesús | San Pedro y San Pablo
A27: 2011 | B27: 40728 | C27: Sagrado Corazón de Jesús | San Pedro y San Pablo
A28: 2014 | B28: 41820 | C28: Sagrado Corazón de Jesús | San Pedro y San Pablo
A29: 2019 | B29: 43647 | C29: Sagrado Corazón de Jesús | San Pedro y San Pablo
A30: 2025 | B30: 45838 | C30: Sagrado Corazón de Jesús | San Pedro y San Pablo
